{
  "baseline": {
    "accuracy": 0.85,
    "brier_score": 0.576573112370026,
    "predictions": [
      "opening_hours",
      "fine_policy",
      "borrow_limit",
      "room_booking",
      "ebook_access",
      "wifi",
      "lost_card",
      "ebook_access",
      "ill",
      "events",
      "ill",
      "borrow_limit",
      "opening_hours",
      "fine_policy",
      "borrow_limit",
      "room_booking",
      "ebook_access",
      "wifi",
      "lost_card",
      "renewal"
    ],
    "confidences": [
      0.905897224875119,
      0.9096324992375465,
      0.555904913747645,
      0.8914576847317405,
      0.8633666717499168,
      0.9379805923874921,
      0.7783750333156565,
      0.4561452920110187,
      0.49761130871270676,
      0.8522848283782878,
      0.3917075934025753,
      0.5359266076174594,
      0.6823183822486124,
      0.8476427849692555,
      0.6886331735715882,
      0.8970418220323116,
      0.6293377910223824,
      0.9103274137772678,
      0.6389592498214286,
      0.9109678097379675
    ],
    "true_labels": [
      "opening_hours",
      "fine_policy",
      "borrow_limit",
      "room_booking",
      "ebook_access",
      "wifi",
      "lost_card",
      "renewal",
      "ill",
      "events",
      "complaint",
      "other",
      "opening_hours",
      "fine_policy",
      "borrow_limit",
      "room_booking",
      "ebook_access",
      "wifi",
      "lost_card",
      "renewal"
    ]
  },
  "transformer": {
    "accuracy": 0.9,
    "brier_score": 0.9152378083969923,
    "predictions": [
      "opening_hours",
      "fine_policy",
      "borrow_limit",
      "room_booking",
      "ebook_access",
      "wifi",
      "lost_card",
      "renewal",
      "ill",
      "events",
      "ill",
      "room_booking",
      "opening_hours",
      "fine_policy",
      "borrow_limit",
      "room_booking",
      "ebook_access",
      "wifi",
      "lost_card",
      "renewal"
    ],
    "confidences": [
      0.9813655614852905,
      0.982583224773407,
      0.9779771566390991,
      0.9887393712997437,
      0.9855111837387085,
      0.9872238636016846,
      0.9746602177619934,
      0.9447692632675171,
      0.9767812490463257,
      0.9762821793556213,
      0.9603985548019409,
      0.4021700918674469,
      0.9806103706359863,
      0.9822980165481567,
      0.978721559047699,
      0.9888951778411865,
      0.9823348522186279,
      0.9877583384513855,
      0.9744500517845154,
      0.953895628452301
    ],
    "true_labels": [
      "opening_hours",
      "fine_policy",
      "borrow_limit",
      "room_booking",
      "ebook_access",
      "wifi",
      "lost_card",
      "renewal",
      "ill",
      "events",
      "complaint",
      "other",
      "opening_hours",
      "fine_policy",
      "borrow_limit",
      "room_booking",
      "ebook_access",
      "wifi",
      "lost_card",
      "renewal"
    ]
  }
}